id;address;address_line_2;postal_code;city;state_province
1;models CFP Franc Human;Quality;Frozen hacking Home Loan Account;Lake Ofelia;navigating Solutions
2;Handcrafted Concrete Chicken Architect South Dakota;Customer supply-chains Corporate;Mandatory Berkshire;South Nayeliburgh;Savings Account
3;override Chair Credit Card Account;Developer;Awesome Wooden Table;New Olebury;Berkshire invoice China
4;generating Guyana Dollar;Incredible capacitor Grove;hacking;East Kaiahaven;grow override Personal Loan Account
5;driver Alaska contextually-based;Refined Soft Sausages National National;Soap Orchestrator;Reichelberg;transmit
6;HTTP Shirt Gardens;alarm Quality-focused Neck;quantifying;East Mose;override National optical
7;Awesome Fresh Chips invoice Accounts;blue motivating;Auto Loan Account Administrator Luxembourg;Barrettmouth;Industrial Identity
8;calculate Credit Card Account calculating;calculate;multi-tasking Tasty;West Vernonbury;Tasty Ramp
9;benchmark;Rubber Principal;Personal Loan Account fuchsia;Dorthaberg;firewall
10;circuit;enhance virtual Identity;Savings Account Computer alarm;Gleasonhaven;Avon Fully-configurable
